{
  "model": "Qwen/Qwen2-0.5B-Instruct",
  "precision": "bf16",
  "aux_source": "gsm8k_train",
  "aux_count": 32,
  "offset": 0,
  "benchmark_style": "gsm8k",
  "use_chat_template": false,
  "vector_norms": {
    "0": 0.6091954112052917,
    "1": 3.6769227981567383,
    "2": 4.126538276672363,
    "3": 4.795157432556152,
    "4": 4.4238152503967285,
    "5": 5.326521396636963,
    "6": 7.03119421005249,
    "7": 7.424992561340332,
    "8": 7.505326271057129,
    "9": 7.200063705444336,
    "10": 6.988833427429199,
    "11": 8.595015525817871,
    "12": 9.25196647644043,
    "13": 10.507424354553223,
    "14": 11.374032974243164,
    "15": 12.429115295410156,
    "16": 13.928272247314453,
    "17": 13.758602142333984,
    "18": 14.862632751464844,
    "19": 16.00900650024414,
    "20": 19.13252067565918,
    "21": 20.838306427001953,
    "22": 22.598968505859375,
    "23": 110.50289154052734
  },
  "layer_indices": [
    0,
    1,
    2,
    3,
    4,
    5,
    6,
    7,
    8,
    9,
    10,
    11,
    12,
    13,
    14,
    15,
    16,
    17,
    18,
    19,
    20,
    21,
    22,
    23
  ],
  "metadata": {
    "auxiliary_count": 32,
    "benchmark_style": "gsm8k"
  }
}