{
  "model": "Qwen/Qwen3-0.6B",
  "model_type": "qwen3",
  "hidden_size": 1024,
  "num_hidden_layers": 28,
  "precision": "bf16",
  "aux_source": "gsm8k_train",
  "aux_count": 32,
  "offset": 0,
  "benchmark_style": "gsm8k",
  "use_chat_template": false,
  "vector_norms": {
    "0": 3.6508524417877197,
    "1": 6.0438055992126465,
    "2": 7.384349822998047,
    "3": 8.440937042236328,
    "4": 7.76746129989624,
    "5": 12.06931209564209,
    "6": 13.184221267700195,
    "7": 13.70740032196045,
    "8": 15.062028884887695,
    "9": 17.52336883544922,
    "10": 20.5439395904541,
    "11": 26.077110290527344,
    "12": 29.452041625976562,
    "13": 33.83927536010742,
    "14": 37.543617248535156,
    "15": 45.84349822998047,
    "16": 61.825218200683594,
    "17": 81.68592071533203,
    "18": 95.89915466308594,
    "19": 122.16221618652344,
    "20": 147.1572265625,
    "21": 169.68177795410156,
    "22": 186.1442108154297,
    "23": 215.71421813964844,
    "24": 242.84259033203125,
    "25": 275.83184814453125,
    "26": 284.95452880859375,
    "27": 85.40428161621094
  },
  "layer_indices": [
    0,
    1,
    2,
    3,
    4,
    5,
    6,
    7,
    8,
    9,
    10,
    11,
    12,
    13,
    14,
    15,
    16,
    17,
    18,
    19,
    20,
    21,
    22,
    23,
    24,
    25,
    26,
    27
  ],
  "metadata": {
    "model_id": "Qwen/Qwen3-0.6B",
    "model_type": "qwen3",
    "hidden_size": 1024,
    "num_hidden_layers": 28,
    "max_position_embeddings": 40960,
    "auxiliary_count": 32,
    "benchmark_style": "gsm8k"
  }
}