{
  "model": "Qwen/Qwen3-0.6B",
  "model_type": "qwen3",
  "hidden_size": 1024,
  "num_hidden_layers": 28,
  "precision": "bf16",
  "aux_source": "gsm8k_train",
  "aux_count": 32,
  "offset": 0,
  "benchmark_style": "gsm8k",
  "use_chat_template": true,
  "enable_thinking": false,
  "vector_norms": {
    "0": 0.4754698872566223,
    "1": 0.9856783151626587,
    "2": 1.0504366159439087,
    "3": 1.7828584909439087,
    "4": 1.5832219123840332,
    "5": 1.8509725332260132,
    "6": 2.1435861587524414,
    "7": 2.1367735862731934,
    "8": 2.754434585571289,
    "9": 4.640919208526611,
    "10": 4.90979528427124,
    "11": 6.360617637634277,
    "12": 7.090314865112305,
    "13": 7.071422576904297,
    "14": 7.431951522827148,
    "15": 9.70196533203125,
    "16": 13.956588745117188,
    "17": 23.34906005859375,
    "18": 33.14925003051758,
    "19": 48.238128662109375,
    "20": 59.11873245239258,
    "21": 94.06478881835938,
    "22": 97.43971252441406,
    "23": 117.9692611694336,
    "24": 162.9398651123047,
    "25": 245.1847686767578,
    "26": 250.31216430664062,
    "27": 78.88333892822266
  },
  "layer_indices": [
    0,
    1,
    2,
    3,
    4,
    5,
    6,
    7,
    8,
    9,
    10,
    11,
    12,
    13,
    14,
    15,
    16,
    17,
    18,
    19,
    20,
    21,
    22,
    23,
    24,
    25,
    26,
    27
  ],
  "metadata": {
    "model_id": "Qwen/Qwen3-0.6B",
    "model_type": "qwen3",
    "hidden_size": 1024,
    "num_hidden_layers": 28,
    "max_position_embeddings": 40960,
    "auxiliary_count": 32,
    "benchmark_style": "gsm8k",
    "use_chat_template": true,
    "enable_thinking": false,
    "system_prompt": "You are a careful mathematical reasoning assistant."
  }
}