{
  "model": "Qwen/Qwen2-0.5B-Instruct",
  "precision": "bf16",
  "aux_source": "math_train",
  "aux_count": 32,
  "offset": 0,
  "seed": 1234,
  "layer_indices": [
    0,
    1,
    2,
    3,
    4,
    5,
    6,
    7,
    8,
    9,
    10,
    11,
    12,
    13,
    14,
    15,
    16,
    17,
    18,
    19,
    20,
    21,
    22,
    23
  ],
  "vector_norms": {
    "0": 0.0849660262465477,
    "1": 0.16297273337841034,
    "2": 0.3217349648475647,
    "3": 0.39003297686576843,
    "4": 0.6479814052581787,
    "5": 0.7195509672164917,
    "6": 1.7180733680725098,
    "7": 2.046816110610962,
    "8": 2.0893688201904297,
    "9": 2.207620143890381,
    "10": 2.5402028560638428,
    "11": 3.113023281097412,
    "12": 3.0920193195343018,
    "13": 3.9332735538482666,
    "14": 4.73297643661499,
    "15": 6.018893241882324,
    "16": 7.591972827911377,
    "17": 7.594707489013672,
    "18": 8.662038803100586,
    "19": 9.688314437866211,
    "20": 11.382150650024414,
    "21": 13.402029991149902,
    "22": 15.671405792236328,
    "23": 85.90638732910156
  },
  "bundle_source": "tgs",
  "bundle_metadata": {
    "auxiliary_count": 32,
    "use_chat_template": true
  }
}